GEOIDX,LOG_ALAND,LOG_AWATER,STRUCTURE,SLAB,CRAWLSP,RAISED,FREEBRD,RLPROP,CLAIMSTL,AVECLAIMS,LOTCNT,GRADEDLOTS,VACANT,VACANT_PERC,LOTTOTACRES,LOTAVEACRES,LOTSTDEV,BLKCOUNT,LOT/BLK,ROAD/LOT,TREECNT,TREE/ACRE,HISTZONE,FIRM_BIN,BLKGRPACRES,ROADAREAACRES
X220710001002,5.357967227,0,323,54,239,30,42,4,11,3,350,340,17,0.05,40.4,0.12,0.16,22,15.9,0.4,441,0.09,2,Low_Risk,56.34414079,15.9775622
X220710002002,5.486480069,5.117437025,227,57,159,11,18,1,4,4,321,294,67,0.23,44.2,0.14,0.22,20,16.1,0.71,227,0.19,6,Low_Risk,75.74633118,31.53331616
X220710003001,5.467183221,0,263,35,223,5,18,3,15,5,405,375,112,0.3,51.5,0.13,0.29,26,15.6,0.41,204,0.25,4,High_Risk,72.45439837,20.93695955
X220710003002,5.533428858,0,198,45,149,4,6,17,48,3,344,278,80,0.29,63.1,0.18,0.25,32,10.8,0.34,201,0.31,3,Low_Risk,84.39377065,21.25498368
X220710004001,5.716249652,5.302166359,435,98,332,16,8,2,4,2,564,554,119,0.21,105.7,0.19,0.6,32,17.6,0.22,203,0.52,2,Low_Risk,128.567496,22.82953674
X220710004002,5.989597969,0,393,105,283,5,23,12,37,3,538,523,130,0.25,182,0.34,1.35,40,13.5,0.33,367,0.5,5,Low_Risk,241.256766,59.28271345
X220710006011,5.338177499,0,107,9,98,0,4,4,9,2,184,123,16,0.13,38.3,0.21,0.8,12,15.3,0.41,20,1.91,4,Low_Risk,53.8342953,15.57033316
X220710006012,5.427476371,0,87,7,80,0,0,1,2,2,133,100,13,0.13,28.1,0.21,0.57,13,10.2,1.35,112,0.25,4,High_Risk,66.12381537,38.03959081
X220710006021,5.869845167,0,298,140,158,0,11,25,139,6,319,320,22,0.07,143.2,0.45,3.6,22,14.5,0.28,643,0.22,2,High_Risk,183.1161718,39.88472384
X220710006022,5.769148301,0,266,165,101,0,8,52,253,5,467,354,88,0.25,84.5,0.18,0.16,30,15.6,0.72,171,0.49,5,High_Risk,145.2211375,60.69689536
X220710006023,5.51623781,0,286,101,177,8,22,3,9,3,346,315,29,0.09,60,0.17,0.15,19,18.2,0.35,127,0.47,3,Low_Risk,81.11839388,21.07360861
X220710006031,5.566637799,0,120,115,5,0,1,7,18,3,163,136,16,0.12,66.1,0.41,1.4,5,32.6,0.38,47,1.41,5,High_Risk,91.10020035,25.04038518
X220710006032,5.334940049,0,216,208,8,0,0,6,12,2,309,258,42,0.16,46.7,0.15,0.61,34,9.1,0.14,40,1.17,4,High_Risk,53.43447941,6.726445205
X220710006041,5.692751769,0,459,219,240,0,12,2,6,3,551,541,82,0.15,95.5,0.17,0.51,27,20.4,0.28,160,0.6,3,Low_Risk,121.7960777,26.3067983
X220710006042,5.906043978,0,404,376,28,0,1,4,9,2,500,446,42,0.09,148.7,0.3,0.7,28,17.9,0.34,303,0.49,1,Low_Risk,199.0331933,50.28636171
X220710006043,5.636599214,0,183,151,32,0,2,3,7,2,224,217,34,0.16,72,0.32,0.87,16,14,0.49,89,0.81,5,Low_Risk,107.0238937,35.03504111
X220710006051,5.644157832,5.411919232,327,245,81,1,4,8,26,3,380,368,41,0.11,88.1,0.23,0.56,16,23.8,0.24,117,0.75,1,Low_Risk,108.9028801,20.78746102
X220710006052,5.503196696,5.387452118,238,43,195,0,8,3,9,3,310,299,61,0.2,65,0.21,1.1,14,22.1,0.21,102,0.64,5,Low_Risk,78.71875722,13.74570984
X220710006053,5.993467975,5.70656332,70,16,54,0,6,2,4,2,89,90,20,0.22,227.5,2.56,13.48,13,6.8,0.07,51,4.46,5,Low_Risk,243.4162166,15.90417201
X220710006061,5.838934053,5.789718875,461,363,97,1,4,36,137,4,525,489,28,0.06,140.6,0.27,0.64,13,40.4,0.21,270,0.52,1,Low_Risk,170.5358092,29.91477841
X220710006062,5.734278043,0,596,560,36,0,4,18,78,4,606,601,5,0.01,96.9,0.16,0.15,21,28.9,0.38,255,0.38,1,Low_Risk,134.0169025,37.13765756
X220710006063,5.735355339,0,516,503,13,0,2,9,24,3,532,523,7,0.01,95.7,0.18,0.08,20,26.6,0.4,315,0.3,1,Low_Risk,134.349753,38.67909855
X220710006071,5.743598339,5.364025397,282,271,11,0,0,7,18,3,319,305,23,0.08,97.9,0.31,0.21,20,16,0.4,318,0.31,1,Low_Risk,136.9240929,39.05074447
X220710006072,5.709075673,5.228646697,442,439,3,0,0,5,12,2,473,446,4,0.01,92.7,0.2,0.19,20,23.7,0.36,274,0.34,1,Low_Risk,126.461173,33.74391749
X220710006073,5.882203964,5.625646791,723,530,193,0,0,8,20,3,764,750,27,0.04,144.2,0.19,0.22,21,36.4,0.31,323,0.45,1,Low_Risk,188.4019949,44.17619638
X220710006111,5.805482507,5.500990756,525,434,91,0,12,10,28,3,644,629,104,0.17,109.5,0.17,0.33,23,28,0.44,157,0.7,1,Low_Risk,157.8934232,48.36116666
X220710006112,6.141796443,5.913816501,615,499,116,0,21,64,166,3,1245,1240,625,0.5,208.7,0.17,0.38,93,13.4,0.64,176,1.19,1,Low_Risk,342.5137231,133.8271259
X220710006131,5.989425343,3.628593256,385,195,184,6,18,44,157,4,628,590,205,0.35,168.8,0.27,0.97,56,11.2,0.43,209,0.81,1,High_Risk,241.1608892,72.40646
X220710006132,6.030309016,0,113,100,13,0,3,8,19,2,342,310,197,0.64,183.4,0.54,1.61,41,8.3,0.44,47,3.9,1,High_Risk,264.9662436,81.54514421
X220710006133,5.832918106,0,79,78,1,0,0,7,17,2,105,101,22,0.22,133.2,1.27,2.08,14,7.5,0.26,107,1.24,5,High_Risk,168.1897943,34.994763
X220710006151,5.81678267,0,571,543,27,1,6,83,267,3,596,581,10,0.02,115.6,0.19,0.33,22,27.1,0.4,165,0.7,1,High_Risk,162.0556598,46.44264344
X220710006152,5.614367729,0,36,35,1,0,0,1,3,3,45,46,10,0.22,68.5,1.52,3.56,3,15,0.48,166,0.41,5,Low_Risk,101.6832133,33.15358364
X220710006161,5.772233665,0,422,382,40,0,1,56,200,4,472,454,32,0.07,112.8,0.24,0.1,25,18.9,0.3,405,0.28,1,Low_Risk,146.2565074,33.41180837
X220710006162,5.771394173,0,99,98,1,0,0,21,51,2,107,103,4,0.04,95.7,0.89,2.41,10,10.7,0.52,58,1.65,5,High_Risk,145.9740664,50.2265623
X220710006163,5.886706691,0,583,566,17,0,3,51,198,4,606,588,5,0.01,149.5,0.25,0.56,18,33.7,0.27,521,0.29,1,Low_Risk,190.3654912,40.89266514
X220710006171,5.891249691,5.034287464,16,16,0,0,0,4,9,2,25,19,3,0.16,155.9,6.23,15.62,2,12.5,0.23,11,14.17,7,Low_Risk,192.3672888,36.50358613
X220710006172,5.65107924,5.139416222,372,286,78,8,28,8,20,3,410,385,13,0.03,73.4,0.18,0.7,9,45.6,0.51,213,0.34,5,High_Risk,110.6523835,37.27628346
X220710006181,6.464778435,5.179738452,555,539,16,0,2,21,64,3,646,630,75,0.12,500.2,0.77,6,57,11.3,0.44,1028,0.49,5,High_Risk,720.5431066,220.384795
X220710006182,5.951390466,4.433081456,726,716,10,0,3,40,127,3,747,743,17,0.02,170.4,0.23,0.62,17,43.9,0.3,283,0.6,1,High_Risk,220.9388044,50.50282569
X220710007011,5.256597493,0,36,4,31,1,15,8,22,3,310,291,255,0.88,33.7,0.11,0.03,12,25.8,0.32,47,0.72,3,High_Risk,44.61480775,10.87385553
X220710007012,5.332723183,0,104,4,88,12,48,5,20,4,380,370,266,0.72,39.1,0.1,0.04,15,25.3,0.36,122,0.32,3,Low_Risk,53.16241681,14.0254327
X220710007013,5.370422409,0,180,39,119,22,49,3,6,2,369,363,183,0.5,41.1,0.11,0.06,17,21.7,0.41,197,0.21,3,Low_Risk,57.98343536,16.92076198
X220710007014,5.592686282,5.11492775,109,36,71,2,4,4,9,2,193,184,75,0.41,24.5,0.13,0.12,12,16.1,2.94,3,8.18,5,Low_Risk,96.7314762,72.20432811
X220710007021,5.339314274,0,182,33,142,7,21,11,35,3,226,223,41,0.18,25.7,0.11,0.07,14,16.1,1.1,76,0.34,3,High_Risk,53.97539226,28.26288148
X220710007022,5.250017239,0,213,32,181,0,6,3,9,3,266,261,48,0.18,37.5,0.14,0.41,17,15.6,0.17,70,0.54,3,Low_Risk,43.94391768,6.459077595
X220710007023,5.330531463,0,110,22,86,2,6,1,2,2,128,125,15,0.12,48.2,0.51,4.25,10,12.8,0.1,92,0.52,3,Low_Risk,52.89480209,4.687828955
X220710007024,5.724939096,5.86849573,170,26,137,7,16,6,16,3,238,222,52,0.23,89.3,0.38,1.83,23,10.3,0.47,161,0.55,7,Low_Risk,131.1658051,41.84797307
X220710008001,5.234190681,0,186,49,137,0,9,11,31,3,234,221,35,0.16,29.5,0.13,0.07,15,15.6,0.44,115,0.26,3,Low_Risk,42.37134146,12.90777678
X220710008002,5.343199767,0,258,50,208,0,4,5,13,3,340,322,64,0.2,41.6,0.12,0.07,16,21.3,0.31,94,0.44,3,Low_Risk,54.46045937,12.90654126
X220710008003,5.324463545,0,237,63,170,4,12,6,17,3,314,301,64,0.21,35.4,0.11,0.13,17,18.5,0.47,107,0.33,3,Low_Risk,52.16090024,16.72184246
X220710009011,5.510452512,0,76,24,47,5,21,30,97,3,263,246,170,0.69,45.9,0.17,0.39,20,13.2,0.74,33,1.39,3,High_Risk,80.04496976,34.15559442
X220710009012,5.275235318,0,89,31,56,2,12,18,56,3,308,280,191,0.68,34.3,0.11,0.04,18,17.1,0.36,63,0.54,2,Low_Risk,46.57113804,12.29940427
X220710009013,5.173352376,0,83,32,46,5,12,20,60,3,247,221,138,0.62,26.6,0.11,0.07,15,16.5,0.38,27,0.99,1,Low_Risk,36.83272999,10.23558331
X220710009014,5.456299213,0,190,38,150,2,20,4,13,3,374,361,171,0.47,39.8,0.11,0.13,23,16.3,0.77,76,0.52,3,Low_Risk,70.66115738,30.82091244
X220710009021,5.26649276,0,82,21,57,4,27,8,26,3,453,445,363,0.82,30,0.07,0.03,26,17.4,0.52,38,0.79,3,High_Risk,45.64301166,15.62395494
X220710009022,5.334934024,0,93,36,52,5,25,11,38,3,417,398,305,0.77,36.9,0.09,0.03,20,20.9,0.45,71,0.52,3,Low_Risk,53.4337381,16.51205031
X220710009023,5.465159698,0,88,20,54,14,30,21,56,3,412,401,313,0.78,54.6,0.13,0.62,22,18.7,0.32,93,0.59,3,High_Risk,72.11759425,17.55557473
X220710009024,5.200032007,0,49,10,39,0,14,3,8,3,244,238,189,0.79,30.5,0.13,0.5,12,20.3,0.28,51,0.6,3,Low_Risk,39.16638961,8.663748405
X220710009031,5.357174166,0,142,56,85,1,17,6,16,3,378,363,221,0.61,36.7,0.1,0.03,19,19.9,0.53,86,0.43,3,Low_Risk,56.24134511,19.52747263
X220710009032,5.256385766,0,111,38,72,1,8,5,10,2,234,231,120,0.52,28.2,0.12,0.19,13,18,0.58,152,0.19,3,Low_Risk,44.59306251,16.35242048
X220710009033,5.130626417,0,87,25,60,2,17,3,9,3,250,240,153,0.64,23.6,0.09,0.03,12,20.8,0.41,27,0.87,3,Low_Risk,33.38166156,9.771273015
X220710009034,5.202924028,0,92,27,63,2,15,5,13,3,300,293,201,0.69,29.5,0.1,0.03,14,21.4,0.34,30,0.98,3,Low_Risk,39.4280738,9.94498783
X220710009041,5.443994802,0,199,54,141,4,20,3,10,3,396,377,178,0.47,44.6,0.11,0.11,28,14.1,0.54,150,0.3,3,Low_Risk,68.68728264,24.13672219
X220710009042,5.468897974,0,281,79,199,3,11,2,5,3,430,426,145,0.34,52.7,0.12,0.14,20,21.5,0.38,184,0.29,3,Low_Risk,72.74104017,20.0402155
X220710011001,6.012154889,5.218493492,325,79,235,11,36,21,87,4,428,427,102,0.24,103.5,0.24,0.74,47,9.1,1.46,168,0.62,7,Low_Risk,254.1185812,150.6122272
X220710011002,5.597980235,5.73793254,457,76,375,6,14,2,4,2,529,520,63,0.12,62.6,0.12,0.19,32,16.5,0.56,554,0.11,2,Low_Risk,97.9178273,35.30809214
X220710012001,5.584339141,5.565432208,300,70,228,2,10,1,3,3,341,319,19,0.06,69.5,0.2,0.46,28,12.2,0.36,310,0.22,5,Low_Risk,94.89004974,25.36532825
X220710012002,5.306697315,0,240,39,197,4,6,1,2,2,272,261,21,0.08,39.5,0.15,0.2,12,22.7,0.27,247,0.16,5,Low_Risk,50.07014484,10.58350715
X220710013011,5.27890672,0,261,47,208,6,17,7,16,2,311,298,37,0.12,36.2,0.12,0.25,18,17.3,0.3,75,0.48,3,Low_Risk,46.96650604,10.78168536
X220710013012,5.061976182,0,195,30,160,5,8,4,10,3,213,201,6,0.03,21.2,0.1,0.12,9,23.7,0.35,248,0.09,3,Low_Risk,28.5008436,7.318508785
X220710013013,5.155181122,0,163,16,145,2,4,6,15,3,233,190,27,0.14,28.9,0.12,0.3,10,23.3,0.22,91,0.32,3,Low_Risk,35.32341265,6.401255025
X220710013014,5.127635998,0,175,26,148,1,3,4,13,3,225,199,24,0.12,25.5,0.11,0.13,10,22.5,0.3,10,2.55,3,Low_Risk,33.15259522,7.64592291
X220710013021,5.171132365,0,204,37,160,7,15,4,9,2,259,225,21,0.09,27,0.1,0.09,14,18.5,0.36,30,0.9,3,Low_Risk,36.64493019,9.688245735
X220710013022,5.171463165,0,230,26,197,7,19,8,31,4,254,249,19,0.08,27,0.11,0.09,14,18.1,0.36,46,0.59,3,Low_Risk,36.67285305,9.696153095
X220710014011,5.126514535,0,157,11,139,7,20,10,45,5,206,202,45,0.22,24.5,0.12,0.13,12,17.2,0.35,44,0.56,3,Low_Risk,33.06709689,8.609879515
X220710014012,5.084915717,0,124,12,111,1,19,15,60,4,183,173,49,0.28,21.8,0.12,0.22,12,15.3,0.38,39,0.56,3,Low_Risk,30.04673248,8.218465195
X220710014013,5.060490085,0,122,27,93,2,14,6,15,3,201,163,41,0.25,21.1,0.11,0.03,10,20.1,0.35,13,1.62,3,Low_Risk,28.40348423,7.29503381
X220710014014,5.192745818,0,184,34,145,5,36,9,22,2,271,257,73,0.28,29.9,0.11,0.12,10,27.1,0.29,15,1.99,3,High_Risk,38.51477372,8.65905341
X220710014015,5.26600814,0,91,10,74,7,35,25,101,4,289,158,67,0.42,26.7,0.09,0.05,19,15.2,0.71,17,1.57,3,High_Risk,45.59210803,18.86473702
X220710014016,5.02211068,0,116,23,89,4,30,1,3,3,210,193,77,0.4,19.3,0.09,0.06,10,21,0.35,28,0.69,3,High_Risk,26.00112942,6.68073078
X220710014021,5.199738726,0,238,25,213,0,59,12,45,4,291,285,47,0.16,29.2,0.1,0.06,14,20.8,0.34,63,0.46,3,Low_Risk,39.13994937,9.91138155
X220710014022,5.016000663,0,148,15,130,3,10,9,34,4,176,171,23,0.13,18.6,0.11,0.03,10,17.6,0.38,45,0.41,3,Low_Risk,25.63788507,7.050646965
X220710014023,5.06270981,0,151,9,137,5,20,7,36,5,185,176,25,0.14,20.3,0.11,0.15,13,14.2,0.41,96,0.21,3,Low_Risk,28.54902907,8.29432643
X220710014024,5.415148701,0,380,40,334,6,28,6,16,3,518,487,107,0.22,48.5,0.09,0.04,20,25.9,0.32,49,0.99,3,Low_Risk,64.27324603,15.73811745
X220710015001,5.711491724,0,292,70,215,7,28,16,63,4,422,392,100,0.26,81.2,0.19,0.43,39,10.8,0.57,62,1.31,7,Low_Risk,127.1666577,45.93014767
X220710015002,5.476369275,0,205,44,157,4,10,5,10,2,334,262,57,0.22,51.2,0.15,0.22,27,12.4,0.44,95,0.54,5,Low_Risk,74.00325251,22.75392261
X220710017011,5.928990551,5.135272621,271,226,36,9,30,10,25,3,426,405,134,0.33,91,0.21,0.88,13,32.8,1.31,136,0.67,1,High_Risk,209.832176,118.8290879
X220710017012,5.974382721,4.72999046,193,165,19,9,17,3,8,3,238,234,41,0.18,216.5,0.91,11.12,9,26.4,0.08,813,0.27,1,High_Risk,232.9508256,16.46781852
X220710017013,5.782590857,0,310,241,57,12,43,19,55,3,424,401,91,0.23,83.6,0.2,0.92,18,23.6,0.79,176,0.48,1,High_Risk,149.7864023,66.17200085
X220710017021,5.788990206,4.818885415,314,229,75,10,45,75,292,4,452,430,116,0.27,120.5,0.27,2.29,14,32.3,0.26,146,0.83,1,Low_Risk,152.0098531,31.51157092
X220710017022,5.742626167,0,366,302,59,5,31,42,142,3,462,452,86,0.19,106.7,0.23,0.71,14,33,0.28,230,0.46,1,Low_Risk,136.6179298,29.90514131
X220710017023,5.455647182,0,218,177,41,0,17,21,51,2,294,282,64,0.23,46.4,0.16,0.36,8,36.8,0.52,159,0.29,1,Low_Risk,70.55514934,24.1419114
X220710017024,5.598272764,0,67,52,15,0,8,3,7,2,83,78,11,0.14,72.1,0.87,6.6,6,13.8,0.36,26,2.77,4,Low_Risk,97.98380434,25.88499007
X220710017201,5.712730493,0,293,213,77,3,47,37,214,6,370,370,77,0.21,79.7,0.22,0.35,11,33.6,0.6,138,0.58,1,Low_Risk,127.5299021,47.87857059
X220710017202,5.520444228,0,179,122,54,3,27,11,29,3,238,237,58,0.24,62.7,0.26,0.59,11,21.6,0.31,186,0.34,1,Low_Risk,81.90789435,19.16744064
X220710017203,5.665463725,0,396,317,78,1,18,20,68,3,469,465,69,0.15,79.3,0.17,0.21,20,23.5,0.44,123,0.64,2,Low_Risk,114.3787269,35.06765897
X220710017204,6.298089444,5.369039505,551,502,47,2,14,18,44,2,671,639,88,0.14,360.2,0.54,3.27,22,30.5,0.36,134,2.69,7,Low_Risk,490.8750709,130.7133558
X220710017221,5.360146394,0,194,75,116,3,33,16,52,3,284,273,79,0.29,45.2,0.16,0.06,10,28.4,0.25,58,0.78,2,High_Risk,56.62757022,11.4110618
X220710017222,5.462580663,0,223,72,151,0,12,4,10,3,309,305,82,0.27,56.3,0.18,0.11,12,25.8,0.27,59,0.95,2,Low_Risk,71.69059681,15.4094678
X220710017223,5.835293502,0,436,351,85,0,14,11,30,3,571,556,120,0.22,140.7,0.25,0.72,19,30.1,0.2,111,1.27,2,Low_Risk,169.1122373,28.38593977
X220710017224,5.209230754,0,143,82,56,5,25,39,147,4,191,190,47,0.25,30.5,0.16,0.12,12,15.9,0.31,44,0.69,2,High_Risk,40.00481687,9.54220668
X220710017225,5.85511314,0,379,199,176,4,43,57,285,5,522,501,122,0.24,151.7,0.29,1.57,17,30.7,0.17,116,1.31,2,Low_Risk,177.0087247,25.29589175
X220710017226,5.470572182,0,152,45,107,0,16,2,4,2,268,257,105,0.41,46.4,0.17,0.34,18,14.9,0.57,14,3.32,2,Low_Risk,73.02199855,26.59961773
X220710017227,5.157601811,0,95,18,72,5,47,16,72,5,187,187,92,0.49,23.2,0.12,0.04,14,13.4,0.53,35,0.66,2,High_Risk,35.52084954,12.28779034
X220710017231,5.633382598,0,343,310,32,1,7,25,56,2,423,412,69,0.17,83.9,0.2,0.48,14,30.2,0.27,89,0.94,1,Low_Risk,106.2341461,22.3775817
X220710017232,5.855000358,3.839289456,590,497,92,1,27,39,119,3,711,693,103,0.15,136.9,0.19,0.56,21,33.9,0.29,181,0.76,1,Low_Risk,176.9627631,40.08636152
X220710017233,5.530865362,0,354,316,38,0,7,6,15,3,405,404,50,0.12,60.5,0.15,0.14,21,19.3,0.39,208,0.29,1,Low_Risk,83.8970896,23.40973928
X220710017234,5.712282585,0,433,359,74,0,18,11,28,3,528,519,86,0.17,95.4,0.18,0.43,13,40.6,0.34,289,0.33,1,Low_Risk,127.3984422,32.02579642
X220710017241,5.548810608,0,352,303,45,4,8,4,11,3,407,390,38,0.1,66.7,0.16,0.1,14,29.1,0.31,103,0.65,1,Low_Risk,87.43637452,20.72642609
X220710017242,5.75368109,0,495,402,93,0,10,10,24,2,590,581,86,0.15,108.2,0.18,0.28,25,23.6,0.3,177,0.61,1,Low_Risk,140.1401644,31.96402017
X220710017243,5.512002275,0,325,310,15,0,5,4,8,2,359,351,26,0.07,66.4,0.19,0.78,16,22.4,0.21,35,1.9,2,Low_Risk,80.33111735,13.90781072
X220710017244,6.400858196,6.532676938,279,219,57,3,5,6,13,2,323,319,40,0.13,593.4,1.84,28.02,16,20.2,0.05,32,18.54,1,High_Risk,621.9274548,28.53296725
X220710017251,5.628279576,0,362,322,39,1,10,10,25,3,409,406,44,0.11,107.8,0.26,1.77,23,17.8,0.03,88,1.22,1,Low_Risk,104.9931848,2.7576918
X220710017252,5.644036607,0,448,376,71,1,18,19,41,2,502,500,52,0.1,106.6,0.21,1.58,25,20.1,0.02,132,0.81,1,Low_Risk,108.8724862,2.31043175
X220710017253,5.774144554,0,440,421,19,0,0,17,39,2,484,480,40,0.08,137.2,0.28,1.53,19,25.5,0.07,155,0.89,1,Low_Risk,146.9014515,9.66773602
X220710017254,5.859401918,6.196849911,628,593,33,2,7,29,82,3,683,675,47,0.07,132.6,0.19,0.45,23,29.7,0.35,220,0.6,1,Low_Risk,178.7653941,46.1737932
X220710017301,7.690970056,7.180646917,381,330,49,2,13,10,21,2,544,521,140,0.27,15997,29.9,371.21,18,30.2,0.24,169,94.66,1,High_Risk,12129.74272,3867.294316
X220710017341,8.081858542,7.906871635,512,115,28,369,379,244,677,3,1206,1150,638,0.55,14237.1,11.81,208.6,19,63.5,1.1,242,58.83,1,High_Risk,29835.96402,15598.86316
X220710017351,5.84097319,0,309,292,17,0,5,9,20,2,380,371,62,0.17,123.3,0.32,1.3,13,29.2,0.39,164,0.75,5,Low_Risk,171.3384062,47.99594547
X220710017352,5.829440795,4.83831376,440,434,6,0,4,12,31,3,505,473,33,0.07,125.4,0.25,1.52,9,56.1,0.33,226,0.55,4,High_Risk,166.8485084,41.44222666
X220710017361,5.989967903,0,92,75,1,16,16,3,6,2,131,125,33,0.26,193.7,1.48,4.37,5,26.2,0.25,286,0.68,5,Low_Risk,241.4623573,47.72536549
X220710017362,6.025108339,0,243,228,15,0,4,14,33,2,285,270,27,0.1,218.5,0.77,2.47,9,31.7,0.2,330,0.66,5,Low_Risk,261.8121954,43.28093496
X220710017371,5.514109253,0,148,136,12,0,4,6,15,3,193,185,37,0.2,65.4,0.34,1.14,8,24.1,0.23,97,0.67,5,Low_Risk,80.72179035,15.31482659
X220710017372,5.629230135,5.777375342,334,259,72,3,10,9,29,3,389,376,42,0.11,59.1,0.15,0.05,20,19.5,0.78,145,0.41,1,Low_Risk,105.2232395,46.11621773
X220710017373,5.482391878,0,259,188,71,0,6,7,17,2,332,325,66,0.2,59.2,0.18,0.09,16,20.8,0.27,51,1.16,1,Low_Risk,75.03664562,15.86463521
X220710017391,5.709952251,4.843836756,372,359,13,0,2,6,15,3,402,401,29,0.07,107.4,0.27,0.97,10,40.2,0.18,166,0.65,1,Low_Risk,126.7166795,19.36561885
X220710017392,5.585511488,0,212,203,9,0,1,7,18,3,234,233,21,0.09,62.4,0.27,0.89,9,26,0.52,164,0.38,5,Low_Risk,95.14654473,32.73745882
X220710017401,6.086264774,4.136213066,427,403,24,0,7,12,28,2,468,463,36,0.08,224.9,0.48,3.56,12,39,0.34,179,1.26,5,Low_Risk,301.402123,76.51507483
X220710017402,5.763921162,0,389,379,10,0,3,9,19,2,431,412,23,0.06,92.8,0.22,0.73,8,53.9,0.55,187,0.5,5,Low_Risk,143.4837422,50.66517368
X220710017403,5.711573575,4.874562987,349,309,40,0,9,7,14,2,387,381,32,0.08,103.6,0.27,1.21,12,32.3,0.23,3,34.52,1,Low_Risk,127.1906269,23.63831141
X220710017411,6.217393391,5.115087713,466,385,80,1,17,13,31,2,541,509,43,0.08,306,0.57,2.52,11,49.2,0.33,305,1,5,Low_Risk,407.6382459,101.6120471
X220710017431,5.696116018,4.889626601,255,252,2,1,1,6,14,2,273,269,14,0.05,101.9,0.37,1.18,7,39,0.2,134,0.76,1,Low_Risk,122.7432311,20.79981627
X220710017432,5.612610104,5.040487621,123,121,2,0,0,4,14,4,142,140,17,0.12,95.4,0.67,2.85,6,23.7,0.06,50,1.91,5,Low_Risk,101.2725248,5.862071915
X220710017441,5.841655366,0,227,226,1,0,1,4,14,4,241,140,87,0.62,132.8,0.55,2.19,8,30.1,0.29,85,1.56,5,Low_Risk,171.6077507,38.8251376
X220710017442,5.492644469,0,277,267,10,0,1,16,34,2,319,296,19,0.06,59.4,0.19,0.41,9,35.4,0.29,47,1.26,2,Low_Risk,76.82914529,17.46636982
X220710017451,5.878265509,5.899710547,619,569,50,0,10,27,67,2,678,663,44,0.07,118.8,0.18,0.38,25,27.1,0.57,187,0.64,3,Low_Risk,186.7011712,67.86664694
X220710017452,5.77375208,0,497,456,39,2,5,23,70,3,540,526,29,0.06,116.1,0.21,0.56,18,30,0.26,101,1.15,1,Low_Risk,146.7687561,30.70057231
X220710017461,5.584757393,0,404,369,34,1,9,17,46,3,442,423,19,0.04,75.9,0.17,0.6,12,36.8,0.25,50,1.52,1,Low_Risk,94.98147859,19.11233623
X220710017462,5.569206481,0,581,526,54,1,15,24,57,2,646,628,47,0.07,69.2,0.11,0.31,14,46.1,0.32,79,0.88,2,Low_Risk,91.64061899,22.47049318
X220710017463,5.980309316,6.048680639,537,486,50,1,8,18,46,3,754,719,182,0.25,169.3,0.22,1.11,19,39.7,0.4,87,1.95,5,Low_Risk,236.1515767,66.86858984
X220710017471,6.502905946,5.199952539,757,737,20,0,9,12,29,2,1011,961,204,0.21,661.9,0.65,4.32,27,37.4,0.19,1309,0.51,1,High_Risk,786.6607443,124.7791292
X220710017472,6.600254573,5.268411804,651,633,17,1,3,13,29,2,836,791,140,0.18,827.4,0.99,3.77,17,49.2,0.19,325,2.55,5,High_Risk,984.3195396,156.9546713
X220710017481,5.924932305,0,383,360,23,0,6,8,19,2,424,418,35,0.08,163.4,0.39,2.17,15,28.3,0.27,111,1.47,5,Low_Risk,207.8805407,44.44504662
X220710017482,5.623007259,0,421,395,26,0,7,14,32,2,479,470,49,0.1,78.9,0.16,0.22,19,25.2,0.31,218,0.36,1,Low_Risk,103.7262774,24.80242306
X220710017483,5.65181667,0,439,417,22,0,5,14,34,2,479,476,37,0.08,81,0.17,0.4,18,26.6,0.37,202,0.4,1,Low_Risk,110.8404304,29.85843847
X220710017484,5.492037826,0,261,241,20,0,8,13,32,2,299,296,35,0.12,55,0.18,0.36,13,23,0.39,148,0.37,1,Low_Risk,76.72190172,21.72102371
X220710017491,5.757607051,4.256429082,427,396,31,0,12,2,5,3,470,456,29,0.06,107.2,0.23,0.9,12,39.2,0.32,261,0.41,1,Low_Risk,141.4127552,34.21020462
X220710017501,5.683768161,4.752555469,323,266,57,0,12,4,12,3,349,341,18,0.05,81.8,0.23,0.56,9,38.8,0.46,170,0.48,1,Low_Risk,119.3025411,37.51943478
X220710017503,5.724789345,4.463011567,166,161,5,0,0,3,7,2,205,190,24,0.13,105.3,0.51,2.39,6,34.2,0.24,137,0.77,5,Low_Risk,131.1205848,25.78491254
X220710017511,7.624774148,6.679265596,160,155,5,0,0,16,54,3,3013,163,3,0.02,6336.3,2.1,18.43,28,107.6,0.64,141,44.94,7,High_Risk,10414.91383,4078.582188
X220710018001,5.325515663,0,314,53,255,6,14,5,18,4,338,329,15,0.05,35.4,0.1,0.17,17,19.9,0.48,446,0.08,2,Low_Risk,52.287418,16.90395884
X220710018002,5.387726096,4.810669282,311,73,234,4,7,3,7,2,335,327,16,0.05,40.3,0.12,0.28,19,17.6,0.5,370,0.11,2,Low_Risk,60.34032285,20.05207654
X220710019001,5.180257807,0,221,25,196,0,8,5,11,2,262,247,26,0.11,24.9,0.1,0.1,14,18.7,0.5,138,0.18,3,Low_Risk,37.42306383,12.52229298
X220710019002,5.049659848,0,198,30,166,2,2,2,4,2,223,215,17,0.08,20.4,0.09,0.09,10,22.3,0.36,100,0.2,3,Low_Risk,27.70392997,7.339265605
X220710020001,5.168712515,0,189,39,138,12,21,5,13,3,245,211,22,0.1,28.3,0.12,0.27,13,18.8,0.29,25,1.13,3,Low_Risk,36.44131567,8.10158453
X220710020002,5.169697941,0,181,24,153,4,10,2,8,4,204,196,15,0.08,28.5,0.14,0.44,13,15.7,0.28,147,0.19,3,Low_Risk,36.52409584,7.98841044
X220710020003,5.046323442,0,159,22,132,5,14,2,4,2,183,179,20,0.11,17.7,0.1,0.07,8,22.9,0.55,85,0.21,3,Low_Risk,27.49191388,9.790052995
X220710021001,5.169015735,0,201,23,173,5,20,5,14,3,259,240,39,0.16,22.8,0.09,0.03,13,19.9,0.6,60,0.38,3,High_Risk,36.46676748,13.68319227
X220710021002,5.29087566,0,221,25,187,9,25,5,12,2,265,254,33,0.13,25.3,0.1,0.04,13,20.4,0.91,69,0.37,3,Low_Risk,48.27888069,22.97310475
X220710022001,5.129677005,0,158,22,126,10,19,14,51,4,194,179,21,0.12,23.8,0.12,0.2,12,16.2,0.4,42,0.57,3,High_Risk,33.30876558,9.551349565
X220710022002,5.07820661,0,221,25,187,9,25,4,15,4,214,254,33,0.13,20,0.09,0.04,12,17.8,0.48,47,0.43,3,High_Risk,29.58612876,9.604230035
X220710022003,4.991452027,0,157,13,140,4,18,9,22,2,193,187,30,0.16,18.2,0.09,0.03,8,24.1,0.33,13,1.4,3,Low_Risk,24.22889236,6.06445091
X220710023001,5.254074131,0,126,22,96,8,27,104,486,5,256,233,107,0.46,30.7,0.12,0.14,13,19.7,0.44,50,0.61,3,High_Risk,44.35633592,13.64093732
X220710023002,5.681174278,0,133,37,93,4,22,26,102,4,252,234,101,0.43,62.4,0.25,0.88,22,11.5,0.9,52,1.2,7,High_Risk,118.5921142,56.22454197
X220710023003,5.54015422,0,123,21,94,8,43,19,59,3,218,201,78,0.39,47.6,0.22,0.81,16,13.6,0.8,109,0.44,5,High_Risk,85.7108403,38.12212388
X220710023004,5.184878733,0,95,20,70,5,14,28,134,5,171,166,71,0.43,25.6,0.15,0.12,12,14.3,0.48,46,0.56,3,High_Risk,37.82337393,12.25986747
X220710023005,5.80996554,3.722880611,379,100,274,5,17,8,27,3,526,477,98,0.21,87.2,0.17,0.24,40,13.2,0.83,195,0.45,5,Low_Risk,159.5317293,72.35530926
X220710024011,5.595411339,0,421,61,354,6,21,22,70,3,437,434,13,0.03,64.8,0.15,0.15,12,36.4,0.5,213,0.3,3,Low_Risk,97.34034292,32.52643115
X220710024012,5.505456591,0,286,47,229,10,19,8,27,3,316,309,23,0.07,46.2,0.15,0.04,16,19.8,0.71,279,0.17,3,Low_Risk,79.12944573,32.97122015
X220710024021,5.235460267,0,188,25,150,13,13,1,2,2,201,199,11,0.06,32.1,0.16,0.18,9,22.3,0.32,91,0.35,3,Low_Risk,42.49538817,10.41201628
X220710024022,5.480508537,0,334,31,279,24,44,13,32,2,391,364,30,0.08,47.3,0.12,0.11,15,26.1,0.58,87,0.54,3,Low_Risk,74.71194965,27.37626874
X220710024023,5.208860399,0,258,35,204,19,28,9,24,3,275,264,6,0.02,32.7,0.12,0.04,8,34.4,0.22,46,0.71,3,Low_Risk,39.97071638,7.2994817
X220710024024,5.329497542,0,281,47,209,25,35,4,10,3,298,289,8,0.03,41.7,0.14,0.07,8,37.3,0.27,131,0.32,3,Low_Risk,52.76902565,11.06338506
X220710025011,5.431686952,0,206,109,80,17,28,8,22,3,252,245,39,0.16,41.8,0.17,0.15,18,14,0.6,169,0.25,3,High_Risk,66.76801811,24.9526629
X220710025012,5.307102213,0,146,29,95,22,46,9,31,3,225,209,63,0.3,32.2,0.14,0.11,16,14.1,0.56,181,0.18,1,High_Risk,50.11684768,17.91560671
X220710025013,5.443356879,0,169,67,60,42,60,18,60,3,226,216,47,0.22,44.8,0.2,0.56,17,13.3,0.53,234,0.19,1,High_Risk,68.5864638,23.74135419
X220710025014,5.335726619,0,169,79,67,25,57,10,27,3,228,214,45,0.21,35.3,0.15,0.13,18,12.7,0.52,156,0.23,1,Low_Risk,53.53134457,18.22028718
X220710025021,5.43101297,0,254,46,154,54,93,5,16,3,317,312,58,0.19,44.7,0.14,0.08,23,13.8,0.49,159,0.28,3,High_Risk,66.66448111,21.92883902
X220710025022,5.363893898,0,212,30,140,42,71,8,20,3,267,255,43,0.17,38.4,0.14,0.06,18,14.8,0.49,171,0.22,3,High_Risk,57.11832075,18.71919217
X220710025023,5.31114118,0,219,73,94,52,68,30,126,4,290,285,66,0.23,34.1,0.12,0.04,16,18.1,0.48,155,0.22,1,High_Risk,50.58511166,16.45916984
X220710025024,5.384994614,0,168,32,108,28,51,6,14,2,199,196,28,0.14,42.8,0.22,0.84,20,10,0.4,181,0.24,1,High_Risk,59.96200509,17.16119515
X220710025031,5.303543786,0,200,44,148,8,27,15,58,4,249,225,25,0.11,33.2,0.13,0.04,14,17.8,0.5,192,0.17,1,Low_Risk,49.70788891,16.52811214
X220710025032,5.396262132,0,274,49,218,7,29,8,25,3,288,280,6,0.02,43.2,0.15,0.03,14,20.6,0.42,316,0.14,1,Low_Risk,61.53804078,18.32975469
X220710025033,5.544963009,0,260,83,171,6,13,1,3,3,286,274,14,0.05,59.5,0.21,0.48,16,17.9,0.46,525,0.11,1,Low_Risk,86.66515981,27.17265422
X220710025041,5.18580271,0,187,30,151,6,24,2,4,2,213,205,18,0.09,27.8,0.13,0.03,12,17.8,0.37,134,0.21,3,Low_Risk,37.90393016,10.14291894
X220710025042,5.320736027,0,258,48,199,11,19,4,10,3,261,258,0,0,38.2,0.15,0.03,14,18.6,0.35,288,0.13,3,Low_Risk,51.71512282,13.52553928
X220710025043,5.37184889,0,237,58,158,21,27,3,12,4,241,241,4,0.02,42.5,0.18,0.21,12,20.1,0.37,369,0.12,1,Low_Risk,58.17420042,15.62716731
X220710025044,5.272656016,0,188,43,138,7,22,7,18,3,235,211,23,0.11,33.4,0.14,0.05,12,19.6,0.39,174,0.19,1,Low_Risk,46.29536886,12.87318208
X220710026001,5.226104759,0,290,58,225,7,13,2,6,3,325,310,20,0.06,30.4,0.09,0.06,14,23.2,0.37,335,0.09,5,Low_Risk,41.58974834,11.19904571
X220710027001,5.146651975,0,188,22,164,2,11,3,11,4,270,266,78,0.29,27.3,0.1,0.09,12,22.5,0.27,51,0.53,1,Low_Risk,34.63646075,7.37213057
X220710027002,5.041321613,0,167,18,146,3,11,1,3,3,225,191,24,0.13,21.5,0.1,0.11,9,25,0.26,77,0.28,1,Low_Risk,27.17710211,5.65919871
X220710028001,5.118486282,0,151,16,128,7,16,2,7,4,190,186,35,0.19,23.5,0.12,0.24,10,19,0.38,71,0.33,3,Low_Risk,32.46144254,8.922220235
X220710028003,5.222115325,0,134,21,103,10,18,4,9,2,195,184,50,0.27,20.2,0.1,0.14,17,11.5,1.04,140,0.14,3,Low_Risk,41.20945375,20.96191715
X220710029001,5.028371952,0,166,24,139,3,9,3,7,2,201,196,30,0.15,18.6,0.09,0.03,9,22.3,0.42,36,0.52,3,Low_Risk,26.37870586,7.779606715
X220710029003,5.230931486,0,178,30,146,2,14,2,6,3,270,263,85,0.32,25.5,0.09,0.09,12,22.5,0.65,86,0.3,3,Low_Risk,42.05455285,16.57530919
X220710030001,5.254352274,0,233,25,197,11,25,17,69,4,332,311,78,0.25,32.1,0.1,0.04,15,22.1,0.38,33,0.97,3,Low_Risk,44.384753,12.26406826
X220710030002,5.279698876,0,227,39,176,12,26,24,87,4,299,295,68,0.23,32.7,0.11,0.13,15,19.9,0.44,8,4.09,3,Low_Risk,47.05225147,14.36100129
X220710031001,5.098982724,0,159,22,125,12,23,16,53,3,214,211,52,0.25,24.3,0.11,0.12,10,21.4,0.28,25,0.97,3,Low_Risk,31.03589379,6.78500909
X220710031002,5.394918996,0,345,60,275,10,24,10,25,3,405,395,50,0.13,45.1,0.11,0.13,20,20.3,0.36,97,0.46,3,Low_Risk,61.34801704,16.24320007
X220710033011,5.691536776,0,321,204,90,27,88,11,30,3,409,388,67,0.17,88.2,0.22,0.37,14,29.2,0.38,547,0.16,1,High_Risk,121.4558141,33.26774615
X220710033012,5.669485172,0,289,97,154,38,112,19,58,3,373,362,73,0.2,90,0.24,1.08,19,19.6,0.28,403,0.22,1,High_Risk,115.442761,25.47331314
X220710033013,5.612397057,4.702740636,280,175,91,14,63,10,31,3,344,335,55,0.16,74.3,0.22,0.29,13,26.5,0.36,325,0.23,1,High_Risk,101.2228567,26.87736375
X220710033021,5.615693395,0,259,107,141,11,59,11,27,2,317,312,53,0.17,69.3,0.22,0.17,13,24.4,0.47,497,0.14,1,High_Risk,101.9940714,32.67790652
X220710033022,5.550725977,0,498,376,119,3,55,19,58,3,563,534,36,0.07,62.8,0.11,0.22,22,25.6,0.4,265,0.24,3,Low_Risk,87.82284674,25.05051648
X220710033023,5.663107015,4.693339956,348,278,70,0,12,6,17,3,394,387,39,0.1,86.2,0.22,0.87,14,28.1,0.32,249,0.35,1,Low_Risk,113.7597289,27.60879455
X220710033024,5.65685205,4.314330783,287,159,112,16,76,16,38,2,347,341,54,0.16,82.8,0.24,0.41,15,23.1,0.35,489,0.17,1,High_Risk,112.1330366,29.33284613
X220710033031,5.592261164,0,302,35,195,72,114,4,10,3,355,352,50,0.14,59.3,0.17,0.15,14,25.4,0.63,383,0.15,3,High_Risk,96.63683498,37.34399023
X220710033033,5.226195062,4.422721126,175,26,104,45,68,1,4,4,249,234,59,0.25,34.9,0.14,0.38,8,31.1,0.19,128,0.27,1,High_Risk,41.59839702,6.71483127
X220710033041,5.628124185,4.22860565,400,43,308,49,112,1,2,2,480,476,76,0.16,73.6,0.15,0.09,19,25.3,0.43,312,0.24,3,Low_Risk,104.9556248,31.36577897
X220710033042,5.629090388,4.166637294,300,103,181,16,56,9,28,3,416,386,86,0.22,72.1,0.17,0.25,22,18.9,0.46,356,0.2,1,Low_Risk,105.1893861,33.12071868
X220710033071,5.696372117,0,330,138,189,3,19,10,24,2,376,363,33,0.09,97.1,0.26,1.66,12,31.3,0.26,278,0.35,1,Low_Risk,122.8156329,25.67445661
X220710033072,5.236398688,0,178,62,115,1,2,4,15,4,217,198,20,0.1,25.3,0.12,0.05,13,16.7,0.68,97,0.26,3,Low_Risk,42.58731123,17.25015295
X220710033081,5.289762814,0,188,53,127,8,17,12,33,3,232,215,27,0.13,34.2,0.15,0.16,15,15.5,0.41,159,0.22,1,Low_Risk,48.15532819,13.95994987
X220710033082,5.582271365,0,253,133,118,2,5,4,14,4,307,284,31,0.11,68.1,0.22,0.61,26,11.8,0.39,272,0.25,5,Low_Risk,94.43933022,26.38735453
X220710033083,5.650193834,3.767823498,351,114,232,5,12,11,35,3,381,371,20,0.05,59,0.15,0.21,27,14.1,0.87,307,0.19,3,Low_Risk,110.4270237,51.37980134
X220710033084,5.218551259,0,158,35,120,3,17,7,20,3,228,193,35,0.18,26.9,0.12,0.03,12,19,0.52,133,0.2,1,Low_Risk,40.87264963,13.92609649
X220710033085,5.332232374,4.397227181,181,55,125,1,18,3,7,2,258,213,32,0.15,35.4,0.32,0.05,10,25.8,0.5,92,0.38,1,Low_Risk,53.10237029,17.70433194
X220710033086,5.520961452,4.375919544,36,10,26,0,5,1,4,4,38,39,3,0.08,81.9,2.15,8.73,2,19,0,132,0.62,4,Low_Risk,82.00550083,0.14678037
X220710034001,5.231737119,0,258,37,210,11,22,3,10,3,308,294,36,0.12,28.3,0.09,0.09,15,20.5,0.49,134,0.21,3,Low_Risk,42.13263803,13.85344762
X220710034002,5.306725177,0,235,45,188,2,7,1,11,11,315,300,65,0.22,34.3,0.11,0.21,17,18.5,0.46,124,0.28,2,Low_Risk,50.0733572,15.72773904
X220710035002,4.981709907,0,145,11,130,4,7,1,2,2,150,150,5,0.03,18.3,0.12,0.17,8,18.8,0.3,85,0.22,3,Low_Risk,23.69143898,5.410363975
X220710035003,4.986570211,0,127,7,112,8,11,1,4,4,141,139,12,0.09,18,0.13,0.07,6,23.5,0.33,91,0.2,4,Low_Risk,23.95806528,6.00563992
X220710036001,4.985188378,0,161,22,118,21,26,10,43,4,171,169,8,0.05,17.1,0.1,0.09,10,17.1,0.4,54,0.32,3,Low_Risk,23.88195694,6.82701694
X220710036002,5.150652074,0,236,9,209,18,26,6,16,3,256,251,15,0.06,27.3,0.11,0.15,10,25.6,0.28,146,0.19,3,Low_Risk,34.95695593,7.650617905
X220710036003,5.167916661,0,181,43,127,11,18,4,9,2,193,192,11,0.06,26,0.13,0.15,12,16.1,0.4,175,0.15,5,Low_Risk,36.37459732,10.35814739
X220710037011,5.677749261,4.264865026,329,79,241,9,37,21,53,3,381,363,34,0.09,86.5,0.23,1.18,11,34.6,0.36,303,0.29,3,Low_Risk,117.6605284,31.11620292
X220710037012,5.65816218,3.825231323,265,53,203,9,34,34,132,4,289,279,14,0.05,78.6,0.27,1.36,11,26.3,0.43,216,0.36,1,Low_Risk,112.4718176,33.88921523
X220710037021,5.211379545,0,191,32,149,10,15,5,11,2,211,195,4,0.02,27.6,0.13,0.11,13,16.2,0.46,192,0.14,3,Low_Risk,40.20324219,12.64139759
X220710037022,5.078039724,0,164,23,132,9,15,6,16,3,174,172,8,0.05,21.1,0.12,0.05,10,17.4,0.4,138,0.15,3,Low_Risk,29.57476193,8.50980199
X220710037023,5.097951071,0,159,25,118,16,25,16,55,3,175,172,13,0.08,19.3,0.11,0.04,11,15.9,0.6,157,0.12,3,Low_Risk,30.9622565,11.65866101
X220710037024,5.224561548,0,245,28,199,18,27,5,19,4,264,258,13,0.05,28.9,0.11,0.13,14,18.9,0.43,270,0.11,3,Low_Risk,41.44222666,12.56133557
X220710037025,5.124504225,0,152,20,115,17,24,2,6,3,165,162,10,0.06,23.2,0.14,0.12,9,18.3,0.42,207,0.11,3,Low_Risk,32.914386,9.759906185
X220710037026,5.774070764,0,317,63,240,14,25,4,9,2,393,375,58,0.15,45.5,0.12,4.66,19,20.7,2.23,207,0.22,3,Low_Risk,146.8764938,101.3827336
X220710039002,5.631466092,0,214,69,139,6,10,14,43,3,317,299,85,0.28,72.4,0.23,0.54,33,9.6,0.46,1023,0.07,6,Low_Risk,105.7663763,33.35966921
X220710040001,5.416372527,0,346,41,286,19,35,9,26,3,391,370,24,0.06,43.9,0.11,0.12,20,19.6,0.47,318,0.14,3,Low_Risk,64.4546211,20.53294287
X220710040002,5.377759619,0,285,46,231,8,21,3,7,2,331,322,37,0.11,34.8,0.11,0.16,22,15,0.69,247,0.14,3,Low_Risk,58.97136115,24.14932455
X220710041001,5.386045707,0,277,41,203,33,47,3,11,4,314,294,17,0.06,39.1,0.12,0.06,20,15.7,0.54,545,0.07,3,Low_Risk,60.10730283,21.02146946
X220710041002,5.33726753,4.335818827,210,32,152,26,38,3,9,3,229,217,7,0.03,39.5,0.17,0.27,11,20.8,0.36,251,0.16,3,Low_Risk,53.72161542,14.2577114
X220710044011,5.23009112,0,198,38,152,8,20,34,159,5,254,236,38,0.16,27.4,0.11,0.18,11,23.1,0.53,140,0.2,5,High_Risk,41.9732553,14.61156576
X220710044012,5.115999705,0,185,25,154,6,17,8,25,3,235,221,36,0.16,23.3,0.1,0.19,12,19.6,0.38,65,0.36,3,Low_Risk,32.27611379,8.953849675
X220710044013,5.136006723,0,191,29,161,1,14,7,34,5,257,250,59,0.24,20.2,0.08,0.06,12,21.4,0.67,110,0.18,5,Low_Risk,33.79778638,13.57767844
X220710044022,5.219348717,0,109,31,78,0,10,1,3,3,156,150,41,0.27,27.1,0.17,0.77,7,22.3,0.51,332,0.08,4,Low_Risk,40.94776955,13.83392632
X220710045001,5.238422496,0,203,31,166,6,11,28,106,4,227,219,16,0.07,25.5,0.11,0.18,12,18.9,0.68,159,0.16,5,Low_Risk,42.78623075,17.29364343
X220710045002,5.259550877,0,281,21,253,7,22,11,35,3,323,294,13,0.04,29.4,0.09,0.1,19,17,0.53,168,0.17,3,Low_Risk,44.91924111,15.56119027
X220710045003,5.34631776,3.991978791,312,33,264,15,24,20,76,4,336,328,16,0.05,37.5,0.11,0.17,19,17.7,0.46,318,0.12,3,Low_Risk,54.85286211,17.36036178
X220710046001,5.199294317,0,189,21,134,34,43,3,6,2,195,193,4,0.02,26.5,0.14,0.06,12,16.3,0.48,259,0.1,3,Low_Risk,39.09991836,12.63719681
X220710046002,5.555133158,4.448041232,464,77,300,87,105,13,40,3,479,472,8,0.02,58.3,0.12,0.07,19,25.2,0.52,542,0.11,3,Low_Risk,88.71860236,30.39762158
X220710046003,5.271193165,0,247,35,199,13,24,3,7,2,255,254,7,0.03,27.5,0.11,0.04,17,15,0.68,303,0.09,3,Low_Risk,46.13969271,18.65049698
X220710049001,5.251214668,0,197,42,152,3,12,7,31,4,264,239,42,0.18,29.9,0.11,0.23,13,20.3,0.47,176,0.17,5,Low_Risk,44.06524623,14.17270728
X220710049002,5.491040758,0,259,79,175,5,15,4,12,3,411,383,124,0.32,44.4,0.11,0.15,24,17.1,0.72,166,0.27,5,Low_Risk,76.54596296,32.11253028
X220710049003,5.440668265,0,3,2,1,0,0,2,6,3,9,7,4,0.57,58.3,6.48,11.05,16,0.6,0.17,319,0.18,6,Low_Risk,68.16317294,9.83675584
X220710049004,5.30435048,0,148,37,109,2,13,2,9,5,211,204,56,0.27,27.7,0.13,0.16,10,21.1,0.8,132,0.21,6,High_Risk,49.80030618,22.13368906
X220710050001,5.61398445,0,261,74,171,16,41,16,46,3,305,298,37,0.12,64.7,0.21,0.56,24,12.7,0.57,514,0.13,6,Low_Risk,101.5935142,36.8579347
X220710050002,5.457377702,0,281,61,205,15,30,4,12,3,367,345,64,0.19,44.4,0.12,0.23,24,15.3,0.59,249,0.18,6,Low_Risk,70.83684904,26.390814
X220710054001,5.412504227,0,175,33,129,13,21,1,2,2,194,192,17,0.09,44,0.23,0.45,17,11.4,0.45,297,0.15,5,Low_Risk,63.88306723,19.921358
X220710054002,5.315212291,0,183,31,134,18,28,4,17,4,199,195,12,0.06,36.3,0.18,0.35,17,11.7,0.41,221,0.16,5,Low_Risk,51.0615301,14.74450825
X220710054003,5.588905594,3.623456048,219,54,143,22,31,10,40,4,245,236,17,0.07,61.2,0.25,0.61,22,11.1,0.57,371,0.16,7,Low_Risk,95.89304893,34.6932949
X220710055001,5.522427279,0,442,73,346,23,83,21,77,4,479,470,28,0.06,55.8,0.12,0.03,26,18.4,0.48,444,0.13,1,Low_Risk,82.28275264,26.50571783
X220710055002,5.97183645,0,304,69,222,13,21,12,46,4,324,317,13,0.04,187.7,0.58,4.66,25,13,0.23,509,0.37,1,Low_Risk,231.5890299,43.86360855
X220710055003,5.636159795,0,287,69,193,25,51,4,13,3,337,302,15,0.05,45.9,0.14,0.05,19,17.7,1.33,497,0.09,1,Low_Risk,106.9156617,61.04308947
X220710056011,5.539344626,0,279,70,189,20,92,27,96,4,334,329,50,0.15,58.6,0.18,0.45,17,19.6,0.46,454,0.13,1,High_Risk,85.55121047,26.98411311
X220710056012,5.546381007,0,325,46,256,23,106,31,109,4,396,380,55,0.14,59.6,0.15,0.04,16,24.8,0.46,385,0.15,1,High_Risk,86.94858925,27.36070113
X220710056013,5.438985119,0,182,35,126,21,71,10,61,6,198,197,15,0.08,27.1,0.14,0.03,13,15.2,1.51,246,0.11,1,High_Risk,67.8995119,40.8116147
X220710056014,5.456513304,0,204,58,131,15,62,21,64,3,234,231,27,0.12,34.5,0.15,0.04,20,11.7,1.05,244,0.14,1,High_Risk,70.69599919,36.15220282
X220710056021,5.418690656,0,223,70,147,6,70,30,87,3,284,263,40,0.15,44.1,0.16,0.04,14,20.3,0.47,237,0.19,1,High_Risk,64.79957968,20.6826885
X220710056022,5.532832061,0,314,71,234,9,66,15,43,3,371,352,38,0.11,58.7,0.16,0.04,16,23.2,0.44,389,0.15,1,High_Risk,84.27787841,25.57166093
X220710056023,5.567769562,0,311,63,234,14,83,17,52,3,360,358,47,0.13,58.1,0.16,0.16,16,22.5,0.57,630,0.09,1,High_Risk,91.33791536,33.21115911
X220710056024,5.435159271,0,219,46,166,7,53,16,44,3,266,251,32,0.13,40.3,0.15,0.08,15,17.7,0.67,481,0.08,1,High_Risk,67.30398885,26.96829839
X220710056031,5.43359064,0,264,53,206,5,63,16,48,3,296,287,23,0.08,44,0.15,0.04,12,24.7,0.52,355,0.12,1,Low_Risk,67.06133174,23.07491201
X220710056032,5.398838936,0,194,54,129,11,37,3,10,3,221,218,24,0.11,32.1,0.15,0.09,15,14.7,0.93,255,0.13,1,Low_Risk,61.90425039,29.84731874
X220710056033,5.351177654,0,176,35,132,9,43,10,31,3,186,186,10,0.05,23.2,0.12,0.03,14,13.3,1.39,244,0.1,1,Low_Risk,55.4701304,32.26277012
X220710056041,5.50619239,0,231,60,167,4,30,6,22,4,269,261,30,0.11,49.9,0.19,0.56,13,20.7,0.59,701,0.07,1,Low_Risk,79.26362375,29.37287714
X220710056042,5.482559178,0,297,64,217,16,60,9,31,3,328,326,29,0.09,49.6,0.15,0.04,14,23.4,0.51,474,0.1,1,Low_Risk,75.0655569,25.51136731
X220710056043,5.471425207,0,180,31,144,5,21,8,22,3,210,198,18,0.09,33.3,0.16,0.1,15,14,1.2,447,0.07,1,Low_Risk,73.16556656,39.91289381
X220710060001,5.935036441,0,238,106,122,10,33,13,52,4,528,477,239,0.5,115.4,0.22,0.46,47,11.2,0.84,160,0.72,7,Low_Risk,212.7737139,97.4236173
X220710063001,5.165905802,0,191,24,145,22,43,29,114,4,213,201,10,0.05,24.2,0.11,0.21,12,17.8,0.5,176,0.14,3,High_Risk,36.20656592,11.9994188
X220710063002,5.064738692,0,141,21,117,3,25,11,26,2,177,170,29,0.17,19.7,0.11,0.07,8,22.1,0.46,107,0.18,5,High_Risk,28.68271288,8.980042805
X220710063003,5.095228649,0,153,17,127,9,25,15,49,3,184,169,16,0.09,19.9,0.11,0.19,9,20.4,0.54,109,0.18,3,High_Risk,30.76877329,10.84420293
X220710064001,5.1440197,0,187,19,157,11,24,7,24,3,201,199,12,0.06,23.3,0.12,0.07,9,22.3,0.47,185,0.13,3,Low_Risk,34.42716281,11.08562451
X220710064002,5.230997829,0,219,22,186,11,35,25,111,4,231,224,5,0.02,24.6,0.11,0.09,12,19.3,0.71,252,0.1,3,High_Risk,42.06097758,17.43276354
X220710064003,5.028314992,0,149,11,117,21,31,20,89,4,159,155,6,0.04,16.3,0.1,0.16,8,19.9,0.62,162,0.1,3,High_Risk,26.37524639,10.09325083
X220710064004,5.140275435,0,247,27,201,19,36,8,23,3,261,254,7,0.03,25.7,0.1,0.04,9,29,0.33,177,0.14,3,Low_Risk,34.13162523,8.471500715
X220710065001,5.593514233,0,265,41,204,20,32,5,16,3,299,295,30,0.1,67.6,0.23,1.3,17,17.6,0.43,266,0.25,3,Low_Risk,96.91606363,29.30961826
X220710065002,5.352847926,0,280,37,218,25,49,18,55,3,309,306,26,0.08,40.4,0.13,0.23,14,22.1,0.38,257,0.16,3,High_Risk,55.68387623,15.23797693
X220710065003,5.256739388,0,250,21,209,20,36,31,127,4,269,268,18,0.07,30.2,0.11,0.12,12,22.4,0.48,168,0.18,3,High_Risk,44.62938695,14.42450727
X220710069001,5.679218876,0,15,8,7,0,1,2,4,2,31,29,14,0.48,46.2,1.49,1.69,13,2.4,1.56,141,0.33,7,Low_Risk,118.0593559,71.86875952
X220710069002,5.081930297,0,30,4,19,7,15,3,6,2,49,44,14,0.32,18.5,0.38,0.69,9,5.4,0.62,152,0.12,4,High_Risk,29.84089401,11.37350184
X220710070001,5.324475889,0,73,16,57,0,7,10,55,6,91,87,14,0.16,24.9,0.27,0.52,13,7,1.09,111,0.22,4,Low_Risk,52.16238287,27.21342655
X220710070002,5.902111179,0,231,85,139,7,35,21,115,5,405,381,150,0.39,113.5,0.28,0.54,45,9,0.74,252,0.45,7,High_Risk,197.2389639,83.73325899
X220710071011,5.180805184,0,138,61,73,4,14,10,33,3,209,204,66,0.32,25.3,0.12,0.12,12,17.4,0.48,97,0.26,6,High_Risk,37.47026089,12.17931124
X220710071012,5.728890839,0,200,93,103,4,12,18,66,4,288,270,70,0.26,77.9,0.27,0.66,28,10.3,0.7,273,0.29,6,Low_Risk,132.3647585,54.48294593
X220710072001,5.500840005,0,142,53,85,4,13,2,4,2,169,168,26,0.15,53.9,0.32,0.57,26,6.5,0.45,323,0.17,5,Low_Risk,78.2927482,24.43300109
X220710072002,5.546609283,0,228,79,141,8,17,6,37,6,412,403,175,0.43,56.6,0.14,0.23,39,10.6,0.54,320,0.18,5,Low_Risk,86.99430367,30.3692045
X220710072003,5.488532386,0,198,59,137,2,14,20,68,3,307,291,93,0.32,46.3,0.15,0.28,30,10.2,0.64,235,0.2,5,High_Risk,76.10512764,29.8401527
X220710075011,5.316217844,0,227,65,160,2,10,8,22,3,255,248,21,0.08,36,0.14,0.16,21,12.1,0.42,137,0.26,1,High_Risk,51.17989339,15.15272571
X220710075012,5.313213178,0,185,43,133,9,28,32,127,4,280,265,80,0.3,30.4,0.11,0.13,17,16.5,0.67,106,0.29,3,High_Risk,50.82702745,20.4454677
X220710075013,5.097926808,0,148,22,124,2,17,4,12,3,206,198,50,0.25,22,0.11,0.04,11,18.7,0.41,52,0.42,3,Low_Risk,30.96052677,8.93927048
X220710075014,5.221979887,0,186,27,151,8,21,7,21,3,237,222,36,0.16,27.4,0.12,0.06,14,16.9,0.5,55,0.5,3,Low_Risk,41.19660429,13.74768668
X220710075015,5.173515508,0,130,23,96,11,27,20,90,5,212,199,69,0.35,27.7,0.13,0.22,13,16.3,0.33,65,0.43,3,High_Risk,36.84656787,9.105077935
X220710075021,5.0523399,0,133,52,74,7,22,70,444,6,158,157,24,0.15,19.6,0.12,0.08,12,13.2,0.42,53,0.37,3,High_Risk,27.87542084,8.266897775
X220710075022,5.097715316,0,129,42,85,2,19,25,99,4,195,182,53,0.29,22.6,0.12,0.06,11,17.7,0.37,22,1.03,3,Low_Risk,30.94545336,8.362774515
X220710075023,5.136650821,0,196,25,169,2,20,8,19,2,223,218,22,0.1,24.7,0.11,0.14,12,18.6,0.37,57,0.43,3,Low_Risk,33.84794869,9.114467925
X220710075024,5.204209547,0,172,22,145,5,16,14,52,4,215,211,39,0.18,25.6,0.12,0.09,18,11.9,0.54,62,0.41,3,Low_Risk,39.54495447,13.93598069
X220710075025,5.298001111,0,262,48,208,6,11,9,30,3,314,310,48,0.15,32.7,0.1,0.04,16,19.6,0.5,82,0.4,3,Low_Risk,49.07752405,16.39689938
X220710076041,5.971619993,0,445,400,44,1,6,9,20,2,483,466,21,0.05,117.1,0.24,0.61,27,17.9,0.98,651,0.18,1,Low_Risk,231.4736319,114.3972598
X220710076042,6.156736276,0,183,95,85,3,8,19,64,3,300,194,11,0.06,310,1.03,9.89,11,27.3,0.14,329,0.94,1,Low_Risk,354.5012809,44.5231318
X220710076051,5.569965832,0,114,10,99,5,16,23,85,4,150,139,25,0.18,40.9,0.27,0.92,21,7.1,1.24,112,0.37,5,High_Risk,91.80099013,50.87941371
X220710076052,5.452667941,0,275,48,221,6,36,14,41,3,377,372,97,0.26,43.2,0.11,0.17,24,15.7,0.62,96,0.45,3,Low_Risk,70.07280038,26.84845246
X220710076061,5.908071438,5.661117637,605,233,157,215,327,133,666,5,777,746,141,0.19,176.6,0.23,2.08,28,27.8,0.13,928,0.19,5,High_Risk,199.964532,23.39738403
X220710076062,5.51839548,0,359,163,162,34,120,8,17,2,433,417,58,0.14,56.4,0.13,0.05,26,16.7,0.45,228,0.25,1,Low_Risk,81.52241055,25.16443189
X220710076063,5.825918558,0,629,322,285,22,136,5,13,3,749,737,108,0.15,114.2,0.15,0.06,24,31.2,0.45,633,0.18,1,Low_Risk,165.5007977,51.30789378
X220710077001,5.97534586,5.555442712,11,9,0,2,2,1,2,2,245,70,59,0.84,199.8,0.82,2.96,13,18.8,0.17,584,0.34,6,Low_Risk,233.4680164,33.6999328
X220710077002,5.747775251,0,219,85,130,4,5,2,6,3,334,309,90,0.29,99.9,0.3,0.88,35,9.5,0.38,346,0.29,6,Low_Risk,138.2473401,38.3259855
X220710078001,5.498967702,0,299,58,236,5,13,6,17,3,354,341,42,0.12,55.4,0.16,0.37,23,15.4,0.41,621,0.09,4,Low_Risk,77.95594409,22.51694892
X220710082001,5.070266966,0,104,23,74,7,13,7,37,5,115,115,11,0.1,21.6,0.19,0.21,8,14.4,0.35,129,0.17,4,Low_Risk,29.05015801,7.492964915
X220710082002,5.255175984,0,221,98,116,7,15,5,13,3,251,239,18,0.08,32.8,0.13,0.17,17,14.8,0.36,320,0.1,4,Low_Risk,44.4690158,11.70313991
X220710083001,5.313354619,0,185,31,148,6,25,6,17,3,194,194,9,0.05,37.2,0.19,0.18,12,16.2,0.37,352,0.11,3,Low_Risk,50.84358349,13.68788727
X220710083002,5.068986897,0,180,9,166,5,7,2,6,3,197,190,10,0.05,21.7,0.11,0.17,8,24.6,0.33,147,0.15,3,Low_Risk,28.96465968,7.22436178
X220710084001,5.13196814,0,110,33,76,1,6,5,12,2,134,125,15,0.12,21.9,0.16,0.19,11,12.2,0.53,175,0.13,5,Low_Risk,33.48495145,11.59564923
X220710084002,5.039009382,0,118,11,103,4,11,2,5,3,150,139,21,0.15,18.8,0.13,0.12,9,16.7,0.44,125,0.15,4,Low_Risk,27.03279279,8.264920935
X220710085001,5.082731529,0,182,20,162,0,7,1,2,2,239,234,52,0.22,20.9,0.09,0.08,12,19.9,0.43,61,0.34,4,Low_Risk,29.89599843,9.03761827
X220710086001,5.333546012,0,188,46,136,6,17,5,17,3,314,310,122,0.39,33,0.11,0.14,24,13.1,0.62,196,0.17,5,High_Risk,53.26323565,20.29003866
X220710088001,5.096252863,0,226,17,208,1,6,1,3,3,242,235,9,0.04,22.6,0.09,0.13,12,20.2,0.36,207,0.11,3,Low_Risk,30.84142216,8.192766275
X220710088002,5.219652625,0,278,26,250,2,9,4,20,5,308,293,15,0.05,30.8,0.1,0.07,13,23.7,0.33,170,0.18,3,Low_Risk,40.97643373,10.15527419
X220710090001,5.265610159,0,153,33,107,13,25,1,2,2,162,157,4,0.03,33.5,0.21,0.36,13,12.5,0.36,356,0.09,3,Low_Risk,45.55034728,12.06391321
X220710090002,5.293210028,0,217,45,160,12,29,5,11,2,226,221,4,0.02,35.2,0.16,0.1,19,11.9,0.38,452,0.08,3,Low_Risk,48.53908226,13.36541524
X220710090003,5.25769777,0,209,44,159,6,15,2,4,2,228,216,7,0.03,31,0.14,0.11,20,11.4,0.44,506,0.06,3,Low_Risk,44.72798184,13.76819639
X220710092001,4.903165982,0,118,12,105,1,3,3,6,2,157,153,35,0.23,13.8,0.09,0.11,8,19.6,0.43,49,0.28,4,Low_Risk,19.77185947,5.939168675
X220710092002,4.907765961,0,123,21,101,1,4,1,3,3,162,155,32,0.21,14.1,0.09,0.05,8,20.3,0.42,29,0.49,4,Low_Risk,19.98239293,5.862071915
X220710092003,5.199478171,0,148,24,123,1,12,2,4,2,234,227,79,0.35,28.2,0.12,0.31,16,14.6,0.39,79,0.36,4,Low_Risk,39.1164744,10.87410263
X220710094001,5.211899756,0,118,31,72,15,32,13,50,4,227,218,100,0.46,26.3,0.12,0.24,16,14.2,0.53,41,0.64,5,High_Risk,40.25142766,13.96686881
X220710094002,4.970463107,0,87,13,62,12,29,7,23,3,162,151,64,0.42,13.6,0.08,0.05,10,16.2,0.69,92,0.15,4,High_Risk,23.08578463,9.451519145
X220710094003,4.864813558,0,110,16,86,8,26,2,4,2,174,173,63,0.36,12.5,0.07,0.04,9,19.3,0.45,25,0.5,4,High_Risk,18.10068836,5.577406955
X220710094004,5.297456289,0,132,30,95,7,26,5,15,3,211,202,70,0.35,31.4,0.15,0.4,15,14.1,0.56,240,0.13,5,High_Risk,49.01599491,17.62649386
X220710097001,5.212419344,0,258,52,201,5,10,2,7,4,296,269,11,0.04,29.3,0.1,0.08,14,21.1,0.38,261,0.11,4,Low_Risk,40.29961314,11.00457407
X220710099001,5.573201262,0,308,71,228,9,39,14,92,7,336,325,17,0.05,62.8,0.19,0.27,36,9.3,0.47,791,0.08,3,Low_Risk,92.48744782,29.70424495
X220710099003,5.159440857,0,172,39,129,4,14,6,15,3,180,176,4,0.02,24.1,0.13,0.1,18,10,0.48,330,0.07,4,Low_Risk,35.67158359,11.56970321
X220710100001,4.949819209,0,112,18,88,6,14,11,50,5,170,162,50,0.31,15.5,0.09,0.05,9,18.9,0.42,43,0.36,5,Low_Risk,22.01409024,6.52505463
X220710100003,5.258059915,0,156,33,111,12,25,11,32,3,183,172,16,0.09,30.5,0.17,0.3,14,13.1,0.47,231,0.13,5,Low_Risk,44.7652947,14.21990433
X220710100004,4.849075282,0,120,4,112,4,7,5,22,4,146,143,23,0.16,11.6,0.08,0.03,9,16.2,0.5,86,0.14,3,High_Risk,17.45648562,5.8119096
X220710101001,5.352296385,0,272,23,211,38,58,27,107,4,288,282,10,0.04,41,0.14,0.18,20,14.4,0.36,371,0.11,3,Low_Risk,55.6132042,14.62120285
X220710101002,5.426795818,0,290,46,219,25,60,11,46,4,310,303,13,0.04,43.6,0.14,0.13,24,12.9,0.51,551,0.08,3,Low_Risk,66.02027838,22.40352772
X220710102001,4.926059343,0,77,17,54,6,14,20,94,5,128,117,40,0.34,13.9,0.11,0.12,5,25.6,0.5,35,0.4,5,High_Risk,20.84207123,6.91202106
X220710102002,4.902905373,0,106,11,87,8,19,11,37,3,126,125,19,0.15,12.6,0.1,0.13,8,15.8,0.57,64,0.2,3,High_Risk,19.75999843,7.165303685
X220710102003,4.949980051,0,128,20,85,23,34,27,127,5,153,152,24,0.16,14.5,0.09,0.08,10,15.3,0.52,60,0.24,3,High_Risk,22.02224471,7.55004617
X220710102004,5.0264352,0,153,16,121,16,25,18,77,4,167,166,13,0.08,18.9,0.11,0.06,9,18.6,0.39,120,0.16,3,High_Risk,26.26133098,7.361505055
X220710102005,4.980280686,0,110,15,83,12,24,34,171,5,133,127,17,0.13,17.2,0.13,0.13,8,16.6,0.37,43,0.4,5,High_Risk,23.61360091,6.373085055
X220710103001,5.170909739,0,231,22,163,46,67,74,308,4,276,261,30,0.11,22.2,0.08,0.03,12,23,0.65,252,0.09,3,High_Risk,36.62615021,14.45885487
X220710103002,5.273598451,0,215,27,157,31,42,50,203,4,260,235,20,0.09,28.3,0.11,0.05,9,28.9,0.64,231,0.12,3,High_Risk,46.39594059,18.04632526
X220710103003,5.206456164,0,198,30,109,59,72,74,315,4,217,216,18,0.08,25.1,0.12,0.07,15,14.5,0.58,289,0.09,3,High_Risk,39.75005162,14.65752729
X220710103004,5.015607015,0,107,16,61,30,36,30,135,5,117,115,8,0.07,17.7,0.15,0.23,10,11.7,0.44,217,0.08,3,High_Risk,25.6146572,7.86831741
X220710106002,5.188177306,0,268,30,236,2,3,1,3,3,288,275,7,0.03,27.4,0.1,0.08,14,20.6,0.39,181,0.15,4,Low_Risk,38.11174547,10.69865808
X220710107001,5.337892341,0,219,36,172,11,24,3,11,4,256,223,4,0.02,35.1,0.14,0.18,20,12.8,0.53,531,0.07,3,Low_Risk,53.79895929,18.65321514
X220710107002,5.361565417,0,329,39,278,12,31,13,42,3,359,337,8,0.02,38.5,0.11,0.1,26,13.8,0.48,503,0.08,3,Low_Risk,56.81289897,18.30973919
X220710108001,5.261503152,0,166,27,120,19,33,46,203,4,169,168,2,0.01,30.1,0.18,0.38,20,8.5,0.5,427,0.07,3,Low_Risk,45.12162011,15.04696477
X220710108002,5.332914912,0,342,23,303,16,37,11,36,3,347,345,3,0.01,36.5,0.11,0.05,24,14.5,0.46,409,0.09,3,Low_Risk,53.18589178,16.65660674
X220710109001,5.175549501,0,178,20,145,13,24,5,29,6,208,193,15,0.08,26.3,0.13,0.24,13,16,0.41,227,0.12,3,Low_Risk,37.01954137,10.68580862
X220710109002,5.461741568,0,311,41,243,27,46,7,21,3,333,321,10,0.03,47.5,0.14,0.2,25,13.3,0.51,587,0.08,3,Low_Risk,71.55221801,24.04899992
X220710109003,5.345871462,0,218,24,168,26,45,5,17,3,226,221,3,0.01,42.7,0.19,0.55,17,13.3,0.28,427,0.1,3,Low_Risk,54.79652217,12.11358131
X220710109004,5.146896677,0,146,14,118,14,18,1,2,2,160,158,12,0.08,29.3,0.18,0.66,13,12.3,0.18,301,0.1,3,Low_Risk,34.65598204,5.309050925
X220710111001,5.372267444,0,172,33,133,6,17,26,126,5,236,227,55,0.24,38.9,0.16,0.35,18,13.1,0.5,160,0.24,5,High_Risk,58.23029325,19.35968833
X220710111002,5.161832,0,241,37,175,29,38,9,34,4,255,251,10,0.04,24.1,0.09,0.04,17,15,0.49,239,0.1,5,Low_Risk,35.86852628,11.81186611
X220710111003,5.103447933,0,183,21,141,21,43,45,294,7,196,194,11,0.06,21.3,0.11,0.05,14,14,0.47,132,0.16,3,High_Risk,31.35663608,10.05890324
X220710112001,5.243789348,0,223,33,125,65,76,115,798,7,225,223,0,0,26.7,0.12,0.04,18,12.5,0.62,436,0.06,3,High_Risk,43.31824782,16.63584992
X220710112002,5.342312119,0,244,30,173,41,63,65,287,4,256,250,6,0.02,32.4,0.13,0.08,18,14.2,0.68,241,0.13,3,High_Risk,54.34926212,21.94465374
X220710114001,5.311062677,0,325,32,284,9,13,1,4,4,338,329,4,0.01,35.5,0.1,0.11,18,18.8,0.43,380,0.09,3,Low_Risk,50.57596877,15.11368312
X220710114002,5.420600931,0,387,37,333,17,26,2,5,3,414,391,4,0.01,47,0.11,0.1,16,25.9,0.38,463,0.1,3,Low_Risk,65.08523306,18.09129837
X220710115001,5.412519345,0,232,23,197,12,23,4,13,3,245,239,7,0.03,45.2,0.18,0.71,20,12.3,0.41,265,0.17,3,Low_Risk,63.88529118,18.65346224
X220710115002,5.297015994,0,263,31,209,23,32,1,2,2,289,269,6,0.02,33.3,0.12,0.17,15,19.3,0.47,317,0.1,3,Low_Risk,48.9663268,15.69907486
X220710116001,5.258369058,0,280,30,233,17,24,48,209,4,284,281,1,0,32,0.11,0.1,20,14.2,0.4,401,0.08,3,Low_Risk,44.79717124,12.82870318
X220710116002,5.258989077,0,230,23,188,19,27,22,72,3,244,231,1,0,31.6,0.13,0.1,16,15.3,0.42,344,0.09,3,Low_Risk,44.86117144,13.23420249
X220710117001,5.331771356,0,195,21,144,30,47,4,13,3,209,199,4,0.02,39.7,0.19,0.64,15,13.9,0.34,339,0.12,3,Low_Risk,53.04603035,13.34441132
X220710117002,5.331951373,0,183,28,136,19,43,24,89,4,199,192,9,0.05,37,0.19,0.18,18,11.1,0.43,368,0.1,1,Low_Risk,53.0680227,16.03044267
X220710117003,5.371963249,0,251,26,210,15,32,27,97,4,263,254,3,0.01,40.2,0.15,0.07,21,12.5,0.45,431,0.09,3,Low_Risk,58.18952093,17.9544022
X220710117004,5.584084602,0,281,35,217,29,64,11,32,3,305,286,5,0.02,66.5,0.22,0.13,19,16.1,0.43,655,0.1,1,Low_Risk,94.83445111,28.33824851
X220710119001,5.07648388,0,175,24,78,73,79,94,714,8,176,176,1,0.01,21.8,0.12,0.03,6,29.3,0.35,186,0.12,3,High_Risk,29.46900099,7.648641065
X220710119002,5.181185934,0,187,21,139,27,32,22,119,5,210,191,4,0.02,26.7,0.13,0.04,10,21,0.4,284,0.09,3,Low_Risk,37.50312585,10.77526063
X220710119003,5.281278868,0,154,14,127,13,20,48,242,5,168,155,1,0.01,32.8,0.2,0.91,11,15.3,0.44,277,0.12,3,High_Risk,47.22374234,14.37953416
X220710120001,6.184094931,5.621535621,314,36,251,27,42,9,31,3,341,324,10,0.03,359.6,1.05,17.05,27,12.6,0.05,2000,0.18,1,Low_Risk,377.5517295,17.9642864
X220710120002,5.259966381,0,135,29,90,16,35,8,24,3,139,138,3,0.02,32,0.23,0.26,16,8.7,0.41,301,0.11,1,Low_Risk,44.96223738,13.00217089
X220710121011,5.251934948,0,268,45,168,55,70,45,195,4,275,270,2,0.01,32.5,0.12,0.08,19,14.5,0.36,417,0.08,3,Low_Risk,44.13838931,11.66088495
X220710121012,5.619133,0,307,37,202,68,93,76,342,5,319,313,6,0.02,75.2,0.24,1.74,12,26.6,0.37,357,0.21,2,Low_Risk,102.80507,27.58729641
X220710121021,5.542989656,0,182,39,109,34,46,12,40,3,224,202,20,0.1,65.4,0.29,1.19,12,18.7,0.32,362,0.18,4,Low_Risk,86.27226286,20.92089772
X220710121022,5.365137787,0,15,1,10,4,12,1,4,4,22,18,3,0.17,48.5,2.2,4.55,1,22,0.18,64,0.76,4,Low_Risk,57.28215137,8.81868324
X220710121023,5.277858948,0,167,21,124,22,43,9,23,3,189,170,3,0.02,33.4,0.18,0.1,15,12.6,0.4,444,0.08,1,Low_Risk,46.85333195,13.48476696
X220710122001,5.571132107,0,390,71,265,54,81,26,100,4,422,401,11,0.03,59.3,0.14,0.1,16,26.4,0.55,570,0.1,3,Low_Risk,92.04784803,32.76785274
X220710122002,5.441284993,0,363,48,283,32,51,144,821,6,373,368,5,0.01,44.7,0.12,0.06,26,14.3,0.53,322,0.14,3,High_Risk,68.2600381,23.52785547
X220710123001,5.063731061,0,170,25,125,20,40,23,92,4,180,178,8,0.04,20.1,0.11,0.05,13,13.8,0.42,115,0.17,3,High_Risk,28.61624163,8.500659105
X220710123002,5.26234903,0,243,31,179,33,52,53,207,4,271,256,13,0.05,31.4,0.12,0.04,18,15.1,0.44,228,0.14,3,High_Risk,45.20958949,13.79488373
X220710123003,5.230415709,0,229,38,143,48,55,110,546,5,236,233,4,0.02,30.7,0.13,0.04,15,15.7,0.37,215,0.14,3,High_Risk,42.00463764,11.30455954
X220710124001,5.167521139,0,220,35,177,8,24,21,73,3,263,255,35,0.14,26.9,0.1,0.06,10,26.3,0.35,132,0.2,3,Low_Risk,36.34148525,9.399132885
X220710124002,5.453492635,0,366,62,280,24,35,23,88,4,394,378,12,0.03,50,0.13,0.05,23,17.1,0.4,427,0.12,3,Low_Risk,70.20598997,20.17637036
X220710125001,5.220374862,0,195,36,149,10,14,6,20,3,206,202,7,0.03,27.8,0.14,0.12,17,12.1,0.48,318,0.09,3,Low_Risk,41.04463471,13.2300017
X220710125002,5.67851929,5.811991675,301,39,256,6,23,1,4,4,361,332,31,0.09,56.8,0.16,0.71,25,14.4,1.08,307,0.18,3,Low_Risk,117.8693321,61.07990811
X220710126001,5.253136807,0,203,27,164,12,21,6,15,3,234,211,8,0.04,31.7,0.14,0.12,16,14.6,0.4,371,0.09,3,Low_Risk,44.26070629,12.55342821
X220710126002,5.092636444,0,203,37,159,7,12,3,6,2,223,215,12,0.06,22,0.1,0.05,12,18.6,0.39,182,0.12,3,Low_Risk,30.58566848,8.560952725
X220710126003,5.186846195,0,180,50,113,17,23,3,8,3,189,188,8,0.04,26.5,0.14,0.14,14,13.5,0.43,335,0.08,3,Low_Risk,37.99511191,11.48469909
X220710127001,5.129222484,0,208,21,180,7,14,3,12,4,234,225,17,0.08,23.4,0.1,0.07,12,19.5,0.42,264,0.09,3,Low_Risk,33.27392378,9.86294897
X220710127002,5.167659908,0,164,16,137,11,16,2,5,3,174,167,3,0.02,27.5,0.16,0.62,11,15.8,0.32,286,0.1,3,Low_Risk,36.35309918,8.863903455
X220710127003,5.037864556,0,179,15,144,20,25,7,18,3,187,183,4,0.02,19.8,0.11,0.03,9,20.8,0.36,191,0.1,3,Low_Risk,26.96162655,7.13243872
X220710127004,5.126102172,0,152,18,116,18,27,2,4,2,170,162,10,0.06,23.4,0.14,0.07,12,14.2,0.41,214,0.11,3,Low_Risk,33.03571456,9.61831502
X220710128001,5.378728493,0,175,30,111,34,38,19,50,3,201,189,14,0.07,45.8,0.23,0.91,16,12.6,0.29,214,0.21,3,Low_Risk,59.10306811,13.31624135
X220710128002,5.233384516,0,177,32,113,32,46,11,48,4,187,182,5,0.03,25.9,0.14,0.05,15,12.5,0.63,271,0.1,3,Low_Risk,42.29276207,16.37960203
X220710128003,5.227084189,0,267,33,210,24,32,8,31,4,280,268,1,0,29.8,0.11,0.04,15,18.7,0.4,295,0.1,3,Low_Risk,41.68364824,11.86944157
X220710129001,5.536774274,5.205550795,320,90,225,5,12,10,31,3,349,333,13,0.04,45.3,0.13,0.15,24,14.5,0.88,583,0.08,5,Low_Risk,85.04637496,39.75845319
X220710129002,5.448890199,5.306051696,248,40,206,2,6,3,12,4,293,279,31,0.11,33.6,0.11,0.09,22,13.3,1.07,171,0.2,5,Low_Risk,69.4659105,35.83541421
X220710130001,5.091948191,0,193,27,156,10,15,6,19,3,216,214,21,0.1,21.4,0.1,0.04,10,21.6,0.43,190,0.11,3,Low_Risk,30.5372359,9.172784705
X220710130002,5.082020195,0,157,14,128,15,19,3,6,2,170,167,10,0.06,21.4,0.13,0.16,10,17,0.4,138,0.15,3,Low_Risk,29.84707164,8.47718413
X220710130003,5.094271929,0,188,24,158,6,9,2,5,3,201,200,12,0.06,21.4,0.11,0.16,10,20.1,0.44,120,0.18,3,Low_Risk,30.70106652,9.319070865
X220710131001,4.960228114,0,152,13,139,0,14,2,7,4,194,181,29,0.16,16.3,0.08,0.15,9,21.6,0.38,43,0.38,3,Low_Risk,22.54808415,6.208513125
X220710131002,5.063626043,0,173,14,159,0,7,2,10,5,217,205,32,0.16,20.3,0.09,0.04,10,21.7,0.41,31,0.66,3,Low_Risk,28.60932269,8.26417962
X220710132001,5.08599658,0,156,15,123,18,27,11,39,4,177,174,18,0.1,21.4,0.12,0.06,10,17.7,0.41,163,0.13,3,Low_Risk,30.12160529,8.72033545
X220710132002,5.263723629,0,271,36,223,12,22,13,48,4,305,288,17,0.06,32.1,0.11,0.08,15,20.3,0.41,33,0.97,3,Low_Risk,45.35291039,13.27126824
X220710132003,5.312710373,0,202,24,152,26,34,18,62,3,222,210,8,0.04,33.6,0.15,0.33,11,20.2,0.51,42,0.8,3,Low_Risk,50.76821646,17.20517984
X220710132004,5.622613929,4.666705136,190,26,144,20,30,10,33,3,227,204,14,0.07,94.4,0.42,4.43,14,16.2,0.1,45,2.1,3,Low_Risk,103.6323775,9.26989697
X220710133011,5.879284014,4.763435481,307,284,21,2,5,5,11,2,341,315,8,0.03,157.9,0.46,4.23,18,18.9,0.19,265,0.6,1,Low_Risk,187.1395354,29.25179569
X220710133012,6.064380109,6.165633028,588,490,93,5,9,26,70,3,628,614,26,0.04,148.5,0.24,0.44,47,13.4,0.93,895,0.17,1,Low_Risk,286.5904022,138.0768377
X220710133013,5.630221358,0,254,231,23,0,1,5,11,2,284,269,15,0.06,80.2,0.28,0.66,14,20.3,0.32,80,1,1,Low_Risk,105.4636727,25.26945151
X220710133014,5.679822035,0,214,194,20,0,1,7,22,3,248,227,13,0.06,89.2,0.36,1.43,16,15.5,0.32,66,1.35,1,Low_Risk,118.2234336,28.98146282
X220710133021,6.481768012,6.300169893,312,310,2,0,,2,5,3,366,360,48,0.13,627.8,1.72,12.83,11,33.3,0.19,209,3,4,Low_Risk,749.2893255,121.4679222
X220710133022,5.883597848,5.483167776,356,345,10,1,2,4,11,3,366,359,3,0.01,121.5,0.33,1.09,28,13.1,0.56,168,0.72,1,Low_Risk,189.0076492,67.53231387
X220710134003,5.874782647,0,2,2,0,0,0,83,287,3,512,6,4,0.67,120.9,0.24,0.39,65,7.9,0.53,941,0.13,6,Low_Risk,185.2098925,64.35923857
X220710136001,5.220131633,0,214,31,181,2,4,5,16,3,233,228,14,0.06,28.4,0.12,0.2,14,16.6,0.44,185,0.15,3,Low_Risk,41.02165395,12.60111948
X220710136002,5.116491518,0,196,42,152,2,4,3,7,2,236,210,14,0.07,23,0.1,0.09,14,16.9,0.4,103,0.22,3,Low_Risk,32.31268533,9.270638285
X220710137001,6.371386351,5.477532192,25,23,2,0,0,11,34,3,56,43,18,0.42,241.2,4.31,5.74,11,5.1,1.41,0,976224.75,7,Low_Risk,581.122759,339.8926804
X220710137002,5.565991773,0,203,22,171,10,87,5,11,2,534,522,319,0.61,65.3,0.12,0.1,31,17.2,0.39,0,264216.21,3,High_Risk,90.96478681,25.67569213
X220710137004,6.233630327,0,560,314,244,2,22,19,52,3,964,923,363,0.39,256.2,0.27,2.35,56,17.2,0.65,0,1036954.25,5,Low_Risk,423.1670654,166.9305472
X220710138001,5.440671414,0,151,69,80,2,7,1,2,2,187,186,35,0.19,49.8,0.27,0.7,19,9.8,0.37,383,0.13,4,Low_Risk,68.16366715,18.34433389
X220710138003,5.668933565,4.380916397,211,85,124,2,18,22,91,4,296,281,70,0.25,76.2,0.26,1.29,27,11,0.51,127,0.6,3,Low_Risk,115.2962277,39.0771847
X220710139001,5.416124372,0,144,65,77,2,5,18,64,4,257,244,100,0.41,39.9,0.16,0.24,21,12.2,0.61,296,0.13,6,Low_Risk,64.41780245,24.48242209
X220710139002,5.40771714,0,184,87,95,2,10,11,41,4,304,288,104,0.36,42.3,0.14,0.24,18,16.9,0.49,281,0.15,6,Low_Risk,63.18277166,20.83638781
X220710140003,5.360525254,0,248,61,185,2,17,1,3,3,406,402,154,0.38,34.4,0.08,0.07,29,14,0.65,186,0.19,4,Low_Risk,56.67699122,22.2490871
X220710140004,5.251034411,0,30,9,21,0,2,2,8,4,96,89,59,0.66,34.5,0.36,1.28,14,6.9,0.28,134,0.26,5,Low_Risk,44.04696046,9.580507955
X220710141001,5.047570788,0,82,11,64,7,8,2,4,2,95,91,9,0.1,21.3,0.22,0.4,9,10.6,0.3,115,0.19,4,Low_Risk,27.57098748,6.284127255
X220710142001,5.909895523,5.894918892,223,52,170,1,7,1,7,7,299,282,59,0.21,52.2,0.17,0.51,25,12,2.85,154,0.34,5,Low_Risk,200.8061717,148.5943678
X220710142002,5.190354113,0,298,53,237,8,9,1,6,6,340,316,18,0.06,27.8,0.08,0.1,18,18.9,0.38,170,0.16,3,Low_Risk,38.30325184,10.49627909
X220710142003,4.921540819,0,169,13,156,0,2,1,2,2,180,174,5,0.03,15.3,0.08,0.03,8,22.5,0.35,71,0.21,3,Low_Risk,20.62634856,5.36168429
X220710143002,4.957224058,0,8,4,4,0,0,1,4,4,11,9,1,0.11,17.5,1.59,1.71,4,2.8,0.28,93,0.19,5,High_Risk,22.3926551,4.851412465
X220710143003,5.385511541,0,274,33,239,2,18,3,11,4,362,353,79,0.22,41.7,0.12,0.28,22,16.5,0.44,112,0.37,4,Low_Risk,60.03341844,18.31196313
X220710144001,6.178173767,6.003151936,106,30,75,1,2,2,4,2,136,115,9,0.08,87.2,0.64,2.19,18,7.6,3.27,118,0.74,7,Low_Risk,372.4391271,285.203896
X220710144002,5.090011024,0,198,27,171,0,2,3,10,3,212,206,8,0.04,21,0.1,0.14,12,17.7,0.45,167,0.13,4,Low_Risk,30.40132815,9.425326015
X220710144003,5.167813388,0,251,47,195,9,16,2,9,5,260,258,7,0.03,25.6,0.1,0.05,12,21.7,0.42,175,0.15,4,Low_Risk,36.36594864,10.77723747
X220710145001,5.315378295,0,8,8,0,0,0,3,11,4,13,9,1,0.11,28.8,2.22,3.83,5,2.6,0.77,13,2.22,5,High_Risk,51.08105139,22.25822998
X220719801001,7.493920193,7.073844626,0,0,0,0,0,1,2,2,767,750,750,1,1201.6,1.57,12.43,144,5.3,5.41,0,4862564.35,7,High_Risk,7705.515987,6503.95211
